Nominate,ServiceName,AltServiceName,Provider,Audience,InternalWeightage,Summary,Description,FunctionalGroup,Environment,Language,UsageMethod,SupportLevel,Documentation,Keywords,Status,Version,UseCases,Email,Phone,ContactDetails,AltContactMethod,AltContactLink,Prerequisites,Comments,DateAdded,LastUpdated,Reviewed,DataIssues,ReviewedBy,Controller,Classification,CMRA,IM,Data,STRA,Risk,Cybersecurity,Considerations
Yes,1GX API service,1GX integration,Service Integration,GOA,100,​Interfaces between 1GX and GoA business applications.,"The 1GX Application Programming Interface (API) Service provides Government of Alberta (GoA) business areas with multiple interfaces between 1GX modules and their business applications. It provides them with the ability to search, create, update, and delete records in real time, directly from their business applications, without accessing 1GX directly.

This service must be requested by 1GX ministry service managers, as they are responsible for the integrations between 1GX and ministry applications. They will work with application developers, the 1GX Centre of Excellence (CoE) team, and the Service Integration team to determine which API(s) will meet business area requirements.

The 1GX CoE team approves requests for this service and collaborates with the Service Integration team to collect the requirements needed to configure API Gateway access and security roles",Workflow and Process Automation,Openshift,,API,Hybrid,https://abgov.sharepoint.com/sites/S500D27-SI969/SitePages/1GX-API-Service.aspx,"1GX, API, Service",Live,,,,,Advanced request required through BERNIE: search and select the BERNIE service called '1GX API Service'.  ,BERNIE,https://bernie.gov.ab.ca/,The application is required to be in the CMDB.,Requests for this service will only be accepted by your ministry's 1GX Service Manager through a BERNIE RITM.,10/1/2023,3/26/2024,,,,,,,,,,,,
Yes,1GX Legacy IMAGIS integration,1GX integration - Legacy IMAGIS,Service Integration,GOA,100," 
​Interfaces between 1GX and GoA business applications using legacy IMAGIS format."," 
​Interfaces between 1GX and GoA business applications using iSuite to send/receive files in legacy IMAGIS format. This integration is for legacy GoA applications, it will be phased out and replaced by direct API type of integration with 1GX. ​",Workflow and Process Automation,Openshift,,API,Hybrid,https://goaprod.service-now.com/esm?sys_kb_id=54065bf087ef95904ea61f483cbb3571&id=kb_article&sysparm_rank=1&sysparm_tsqueryId=06b7bce733cd0e90b0bd25913d5c7bac,"1GX, API, IMAGIS, Service",Live,,,,,Advanced request required through BERNIE; search and select the BERNIE service called '1GX Legacy IMAGIS Integration Service'.,BERNIE,https://bernie.gov.ab.ca/ ,The application is required to be in the CMDB.,"This integration is for legacy GoA applications, it will be phased out and replaced by direct API type of integration with 1GX. ​",10/1/2023,3/26/2024,,,,,,,,,,,,
,Access service,Authentication with Keycloak,Alberta Digital Service Platform (ADSP),,10,"A deployment of Keycloak, providing user authentication and authorization services.","The Access Service is a deployment of Keycloak, which provides Realms to tenants and serves as the basis for user access management.  As a federated IDP, Keycloak provides user authentication and authorization services, helping you to your tenant secure.  On top of Keycloak, the Access Service provides the user roles necessary to use all other ADSP services.",User Access and Identity,,,Service,Hybrid,https://access.alberta.ca/,Keycloak,Live,,,adsp@gov.ab.ca ,,,Slack,https://goa-dio.slack.com/channels/adsp-connection,Product teams can get started by accessing an existing tenant or creating a new tenant. Each tenant represents a zone of administrative control and generally products within a common service area can share a tenant.,,10/1/2023,10/1/2023,,,,,,,,,,,,
Yes,Address validation service,Address validation,Service Integration,GOA,100,"Uses incremental ""Canada Post"" searches to find an address and provide the full address details.","Allows ease of mailing address data entry and validation through 2 endpoints that allow incremental searches to find the correct address and provide the full address details of the selected result.  This service leverages ""Canada Post - Address Complete"" for it's validation repository.",Varied Resources,,,Service,Hybrid,https://abgov.sharepoint.com/sites/S500D27-SI969/SitePages/Address-Validation-Service.aspx,API,Live,,,,,Advanced request required through the Service Integration SharePoint site; click the link to access 'Service Integration Consultation' Request web form.,SharePoint,https://goaprod.service-now.com/esm?id=search&spa=1&q=Service%20Integration%20Consultation,"Users will need to submit a request to the Service Integration Team via BERNIE ""Service Integration Consultation"" online form submission to request this service.",,10/1/2023,3/26/2024,,,,,,,,,,,,
,Alberta holidays,Alberta stat holidays,"Seniors, Community and Social Services (SCSS)",,10,DayJS plugin with information about stat holidays in Alberta,A DayJS plugin for the information about statutory holidays in Alberta,Varied Resources,,TypeScript (dayjs),Code,,Instructions and additional information https://github.com/GovAlta-EMU/ab-holiday,,,,,wei.w.wei@gov.ab.ca,,Privately hosted npm package,GitHub,https://github.com/GovAlta-EMU/ab-holiday,,,10/1/2023,10/1/2023,,,,,,,,,,,,
,Alberta vital statistics API,Vital status verification,Platforms - Common Data Services,,10,Verify new borns and deceased individuals using Alberta Vital Statistics.,"Verify new borns and deceased individuals against the data in Alberta Vital Statistics for a specific Government of Alberta program. This program requires approval from Vital Statistics for data usage, as well as  a privacy assessment. ",User Access and Identity,On Prem,.NET Core,API,TBD,,,Alpha,,,TI.CDS@gov.ab.ca,,,,,,,10/1/2023,10/1/2023,,,,,,,,,,,,
YES,Alberta.ca Account,Access for online services,Platforms - IAM,,100,An IAM platform that provides federated sign on and identity verification for citizens accessing on-line services,,User Access and Identity,Azure,ForgeRock,,24x7,https://myalberta.gov.ab.ca/en/myalberta-digital-id,IAM,Live,,,GOA.IAM@gov.ab .ca,,Onboarding and integrations are handled via scheduled consultations. Can reach out to Robert Salloum or Syed Hashmi for further details,Web,https://account.alberta.ca,,,10/1/2023,10/1/2023,,,,,,,,,,,,
Yes,API gateway as a service,Digital Identiity Gateway for API,Service Integration,GOA,10,"Provides protection, monitoring and performance metrics for APIs. Can act as a firewall, router & DDOS protection for APIs. Also supports advanced features like ""custom claims"".","Provides protection, monitoring and performance metrics for APIs.  The gateway can act as a firewall, router & DDOS protection for APIs and supports advanced features like ""custom claims"".  The gateway service is available for both internal/external and on-prem/cloud APIs.  This service leverages the Digital Identiity Gateway for API authentication.",User Access and Identity,,,API,Hybrid,https://abgov.sharepoint.com/sites/S500D27-SI969/SitePages/API-Gateway-As-A-Service.aspx,API,Live,,,,,Advanced request required through the Service Integration SharePoint site; click the 'Service Integration Consultation' Request web form.,SharePoint,https://goaprod.service-now.com/esm?id=search&spa=1&q=Service%20Integration%20Consultation,"Users will need to submit a request to the Service Integration Team via BERNIE ""Service Integration Consultation"" online form submission to request this service.",,10/1/2023,3/26/2024,,The primary function is  access. But the current description makes it sound like service monitoring is the primary func.,,,,,,,,,,
,Automation framework architecture,QA automation framework,Justice Digital,,-20,A guide for developers & QA testers to get started with QA automation within your application.,"This is QA automation process outlined for service teams. Developers and QA testers should be able to use this as a guide to get started with QA automation within your application.

This documentation will go over all of the QA automation test frameworks in detail, outline the technology stacks used in this process",Varied Resources,"AWS, GitHub, Cypress, Allure",n/a,Resource,,https://goa-dio.atlassian.net/wiki/spaces/JD/pages/2195423612/QA+Automation,Development,Live,,,JSG.PlatformSupport@gov.ab.ca ,,,,,,,10/1/2023,10/1/2023,,,,,,,,,,,,
,Banking  information verification API,Banking information validation / Validation of banking details,Platforms - Common Data Services,,10,"Validate financial institution number, branch number, and banking account number format.","Allow applications to validate the financial institution number, branch number, as well as the format of the banking account number. ",Payments and Financial Management,On Prem,.NET Core,API,TBD,,,Alpha,,,TI.CDS@gov.ab.ca,,,,,,,10/1/2023,10/1/2023,,,,,,,,,,,,
,Business reporting strategy,Data visualization and reporting,Justice Digital,,10,"Using Amazon QuickSight visualization tool, create interactive dashboards, reports, and embedded analytics with single source of truth + automate Data Pipelines with a shared architecture pattern.","Justice Digital teams are using Amazon QuickSight as a data visualization tool. With QuickSight, all product teams can meet varying analytic needs from the same source of truth through interactive dashboards, paginated reports, and embedded analytics. 

Product teams are also fully automating their Data Pipelines using a shared architecture pattern. ",Analytics and Reporting,AWS,Python,,,https://goa-dio.atlassian.net/wiki/spaces/JD/pages/2583200038/Business+Reporting,Reporting,Live,,,JSG.PlatformSupport@gov.ab.ca ,,,,,,,10/1/2023,10/1/2023,,,,,,,,,,,,
,Calendar service,Event scheduling,Alberta Digital Service Platform (ADSP),,10,"Schedule events for end users. Front-end calendar widget (daily, weekly, or monthly). Supports persistent events, managing attendees, event queries, and automatic time-zone conversion.","Provides the capability for scheduling events like meetings, appointments, or similar activities for your application's end users.  ADSP gives you full backend support for creating persistent events, managing attendees, event queries, and automatic time-zone conversion.  It can be used to populate any front-end calendar widget with daily, weekly, or monthly entries.",Workflow and Process Automation,,,,Hybrid,https://govalta.github.io/adsp-monorepo/services/calendar-service.html,,Live,,,adsp@gov.ab.ca ,,,Slack,https://goa-dio.slack.com/channels/adsp-connection,Product teams can get started by accessing an existing tenant or creating a new tenant. Each tenant represents a zone of administrative control and generally products within a common service area can share a tenant.,,10/1/2023,10/1/2023,,,,,,,,,,,,
,CCDS Angular components,,Children's Services Platform ,Children's Services,-20,"Angular library from Augular apps in Children's Services, which provides UI components and shared code, including authentication and authorization.","An Angular library that provides UI components and shared code for Angular apps in Children’s Services, including authentication and authorization through the CCDS Keycloak realm.",Data Management,GitHub,Angular,Code,,,Keycloak,Live,,,heather.objois@gov.ab.ca,,Discussion required to obtain access or to deploy container in line of business controlled environment,,,,Used within Children's Services to provide consistent UI and tooling for all Angular projects.,10/1/2023,10/1/2023,,,,,,,,,,,,
,CCDS React components,,Children's Services Platform ,Children's Services,-20,"React library from React apps in Children's Services, which provides UI components and shared code, including authentication and authorization.","A React library that provides UI components and shared code for React apps in Children’s Services, including authentication and authorization through the CCDS Keycloak realm.",Data Management,GitHub,React,Code,,,Keycloak,Live,,,heather.objois@gov.ab.ca,,Discussion required to obtain access or to deploy container in line of business controlled environment,,,,Used within Children's Services to provide consistent UI and tooling for all React projects.,10/1/2023,10/1/2023,,,,,,,,,,,,
,CCDS Web components,,Children's Services Platform ,Children's Services,-20,"Web component library from apps in Children's Services, which provides UI components.", A web component library that provides UI components for use by the applications developed by Children’s Services.,Data Management,GitHub,Svelte,Code,,,,Live,,,heather.objois@gov.ab.ca,,Discussion required to obtain access or to deploy container in line of business controlled environment,,,,Used within Children's Services to provide consistent UI and tooling for all Vue projects.,10/1/2023,10/1/2023,Yes,,Heather,,,,,,,,,
,Child care benefits (CCB) validation API,Eligibility validation,Platforms - Common Data Services,,10,"Validation API for a Alberta government program, child care benefits. Data usage involves a MOU with CRA and Treasury Board and Finance, as well as a privacy assessment.","Assess the eligibility of an Albertan to apply for a Government of Alberta program that necessitates verification of the applicant's child care benefits. The use of data for this assessment requires a MOU with CRA and the Department of Treasury Board and Finance, as well as a privacy assessment.",Payments and Financial Management,On Prem,.NET Core,API,TBD,,,Alpha,,,TI.CDS@gov.ab.ca,,,,,,,10/1/2023,10/1/2023,Yes,,Heather,,,,,,,,,
,Child care licensing API,Licensed child care providers,Children's Services Platform ,GOA,10,"An internal API that provides information on all licensed child care providers in Alberta, as well as the staff (Early Childhood Educators) that work there.",,Data Management,Openshift,Web API,API,,,,Live,,,heather.objois@gov.ab.ca,,Discussion required to obtain access or to deploy container in line of business controlled environment,,,,Used within Children's service to provide data on licensed child care providers.,10/1/2023,10/1/2023,Yes,,Heather,,,,,,,,,
,Cloud native approach and DevSecOps,Cloud native approach and DevSecOps,Justice Digital,,-20,"Cloud native: build, deploy and manage modern applications in cloud computing environments.","Cloud native is the software approach of building, deploying, and managing modern applications in cloud computing environments. Modern companies want to build highly scalable, flexible, and resilient applications that they can update quickly to meet customer demands.",Varied Resources,"AWS, GitHub, SonarQube, Pingdom (Monitoring)","TypeScript, .NET Core",,,https://goa-dio.atlassian.net/wiki/spaces/JD/pages/2248048887/Architecture+Recommendations+Cloud+Native+approach,"Cloud,Development",Live,,,JSG.PlatformSupport@gov.ab.ca ,,,,,,,10/1/2023,10/1/2023,Yes,,Heather,,,,,,,,,
,Comments service,Comments system,Advanced Education,,10,Provides functionality associated to attaching comments to an object for storage and retrieval. ,Used currently within Advanced Education to allow consumers of the api to store and manage comments,Varied Resources,Container,TypeScript,Service,,,,Live,,,colter.mcquay@gov.ab.ca,,Discussion required to obtain access or to deploy container in line of business controlled environment,,,,,10/1/2023,10/1/2023,Yes,,Heather,,,,,,,,,
,Common payment portal,Common cloud-based payment portal,Platforms -Common Platforms,,10,A common cloud-based portal which enables business programs to quickly spin up customized payment portals suporting emergency or payment initiatives,A common cloud-based portal which enables business programs from Ministries and Platforms branch to quickly spin up customized payment portals suporting emergency or payment initiatives,Payments and Financial Management,Azure,.NET Core,,,,"Cloud,Payment",,,,,,,,,,,10/1/2023,10/1/2023,Yes,,Heather,,,,,,,,,
,Common payment services,Payments and reconciliation,Platforms -Common Platforms,,10,A common cloud-based API services which enable payment portals with making payments and reconciling payments end-to-end.,A common cloud-based API services which enable payment portals with making payments and reconciling payments end-to-end. Payment types are being considered are eTransfer and EFT in bulk. ,Payments and Financial Management,Azure,.NET Core,API,,,"Cloud,Payment",,,,,,,,,,,10/1/2023,10/1/2023,Yes,,Heather,,,,,,,,,
,Communication confirmation service,Verification codes for confirmation,Advanced Education,,10,Provides a code which can be used to verify email address and SMS messaging.,Used currently within Advanced Education to allow consumers of the api to send out messages through email and txt message for a recipient to confirm communication channel is being monitored,Notifications and Communication,GoA Network,.NET,,,,,Live,,,sa.imehelpdesk@gov.ab.ca,,Through consultation,,,,Legacy shared service that may not always be suitable for digitally redesigned services.,10/1/2023,10/1/2023,yes,,Andrew,,,,,,,,,
,Communication service,Wrapper over Alberta Notify,Advanced Education,,10,Wrapper over Alberta Notify service and is intended to provide fault tolerance & guaranteed delivery ,Used currently within Advanced Education to wrap Alberta Notify and provides a queue to aid in garunteed delivery in the event MyAlberta Notify is down ,Notifications and Communication,GoA Network,TypeScript,API,,,,Live,,,andrew.mackenzie@gov.ab.ca,,Discussion required to obtain access or to deploy container in line of business controlled environment,,,,Emerging Service integration API may be more suitable. This service is a wrapper around ABNotify,10/1/2023,10/1/2023,yes,,Andrew,,,,,,,,,
,Configuration Service,Configuration storage,Alberta Digital Service Platform (ADSP),,10,"Allows optimally storage, cache, and static data usage within your application. Ensuring persistent, schema-compliant, configuration storage. ","Use the configuration service to optimally store, and cache, static data used to drive your application.  The service ensures persistent, and schema-compliant, configuration storage using a JSON document store. Write operations will be validated against the schema for accurate and consistent data.",Data Management,,,,Hybrid,https://govalta.github.io/adsp-monorepo/services/configuration-service.html,,Live,,,adsp@gov.ab.ca ,,,Slack,https://goa-dio.slack.com/channels/adsp-connection,Product teams can get started by accessing an existing tenant or creating a new tenant. Each tenant represents a zone of administrative control and generally products within a common service area can share a tenant.,,10/1/2023,10/1/2023,yes,,Andrew,,,,,,,,,
,Course mark inquiry,Transcript information,Advanced Education,,10,Interfaces to Alberta Education to retrieve transcript information.,Interface is utilized by Advanced Education to pull information regarding course marks from Alberta Education. This information is used for a variety of purposes including Rutherford Scholarship eligibility and as a shared secret for authenticatio purposes in SIAMS. ,Varied Resources,GoA Network,.NET,API,,,,Live,,,sa.imehelpdesk@gov.ab.ca,,Through consultation,,,,Legacy shared service that may not always be suitable for digitally redesigned services.,10/1/2023,10/1/2023,yes,,Andrew,,,,,,,,,
,Court directory/Personnel shared service,Court directory,Justice Digital,Justice Digital,10,"Justice staff lookup for metadata, contact information and some court locations.
Justices and Clerks signatures can be applied to documents as required.","The court personnel API allows Justice Digital service/teams to look up metadata, contact information regarding Justices, Judges, Judicial Assistants, Application Judges and their court locations at any point in the service.

Metadata and contact information for Judges, Justices, Judicial assistants, and Application Judges are collected and updated in a single place.

Signatures of Justices and Clerks are managed within the Shared Service and through secure access, can be applied to documents as required.

 The shared service serves as the source of truth for this information, where delegated authorities from the courts update information for all other services and systems to pull from.",Varied Resources,AWS,"Angular, .NET Core, TypeScript",API,,https://goa-dio.atlassian.net/wiki/spaces/JDP/pages/2248015997/Shared+Services,"Pdf, Digital signature, Digital certification",Live,,,JSG.PlatformSupport@gov.ab.ca ,,,,,,,10/1/2023,10/1/2023,yes,,Andrew,,,,,,,,,
,Data governance strategy,Data governance standards,Justice Digital,Justice Digital,-10,"A data governance plan outlining processes and procedures to ensure data quality, security, and privacy across all shared services of the Justice Digital Services Platform.","The Data Governance Plan outlines the processes and procedures to ensure data quality, security, and privacy across all shared services of the Justice Digital Services Platform. It comprises a set of standard operating procedures (SOPs) aimed at promoting consistency, reliability, and compliance in the handling, management, and modification of shared services.",Data Management,AWS,,,,https://goa-dio.atlassian.net/wiki/spaces/JD/pages/2080768084/Data+Governance,"Data Governance,Development",Live,,,JSG.PlatformSupport@gov.ab.ca ,,,,,,,10/1/2023,10/1/2023,yes,,Andrew,,,,,,,,,
YES,DDD design system,,Digital Design and Delivery (DDD),,-50,A design system for designers and developers to create consistent and cohesive user experiences across multiple products and platforms.,"The Design System team is responsible for creating and maintaining the assets used for building DDD product layouts, interactions, and patterns. The design system is a shared language for designers and developers to create consistent and cohesive user experiences across multiple products and platforms.",Varied Resources,n/a,"Web components, Design tokens, Angular, React",,,https://design.alberta.ca,"Design, Development",Live,"Web components 1.14.0 , Design tokens 1.1.1 , Angular components 2.5.0 , React components 4.14.0","A design system is a centralized resource that provides guidelines, assets, and code to help teams build digital products. It helps maintain consistency across multiple projects and allows teams to focus on higher-level tasks rather than reinventing low-level elements. ",sa.designsystemsupport@gov.ab.ca,,,Slack,https://goa-dio.slack.com/channels/design-system-support,,Include the design system in all DDD products; it should act as the foundation for developing the front-end of any government service.,10/1/2023,10/1/2023,yes,,Andrew,,,OK,,,,,,
,Directory service,API directory,Alberta Digital Service Platform (ADSP),,-10,Provides a central register of service APIs,"As a central register of APIs, the Directory Service gives you a means for service discovery.  They can use the Directory Service to find service URLs and decouple application code from changes in the URL due to, for example, a newer version, or a change in the application's environment.",Workflow and Process Automation,,,API,Hybrid,https://govalta.github.io/adsp-monorepo/services/directory-service.html,,Live,,,adsp@gov.ab.ca ,,,Slack,https://goa-dio.slack.com/channels/adsp-connection,Product teams can get started by accessing an existing tenant or creating a new tenant. Each tenant represents a zone of administrative control and generally products within a common service area can share a tenant.,,10/1/2023,10/1/2023,yes,,Andrew,,,,,,,,,
Yes,Document Merge Service,Document manipulation,Service Integration,GOA,100,"Document manipulation such as: Mail Merges, PDF Form Filling and PDF Redaction. Supports formats such as .docx, .xlsx, pdf, etc. ","Provides a number of document manipulation features including:  Mail Merges, PDF Form Filling and PDF Redaction.  This service supports a number of input and output formats (.docx, .xlsx, pdf, etc.)  -->  Enhancement requests can be made for additional features",Document Processing,,,Service,Hybrid,https://abgov.sharepoint.com/sites/S500D27-SI969/SitePages/Document-Merge-Service.aspx,"Docx, Xlsx, Pdf",Live,,,,,Advanced request required through the Service Integration SharePoint site; click the 'Service Integration Consultation' Request web form.,SharePoint,https://goaprod.service-now.com/esm?id=search&spa=1&q=Service%20Integration%20Consultation,"Users will need to submit a request to the Service Integration Team via BERNIE ""Service Integration Consultation"" online form submission to request this service.",,10/1/2023,3/26/2024,yes,,Andrew,,,,,,,,,
Yes,ECM (OpenText) connector service,ECM connector / ECM connector for file management,Service Integration,GOA,100,"Allows basic file management of project-specific content within ECM systems (e.g., file creation, modification, metadata, etc.) for OpenText.","The Electronic Content Management (ECM) Connector is a representational state transfer (REST) application programming interface (API) that allows file management of Government of Alberta (GoA) content within ECM systems (e.g. file creation, modification, metadata, etc.).

The ECM Connector takes REST calls and translates them into a format that is understood by the proprietary Open Text LIVELINK web services (LAPI) running on the GoA’s OpenText Enterprise Content Servers (ECSS) server.",File Handling and Storage,,,API,Hybrid,https://abgov.sharepoint.com/sites/S500D27-SI969/SitePages/ECM-Connector-Service.aspx,"API, ECM, REST",Live,,,SA.CSM-ContentServices@gov.ab.ca,,Advanced request required through the Service Integration SharePoint Site: click the 'Electronic Content Management (ECM) Connector link.,BERNIE,https://bernie.gov.ab.ca/esm?id=sc_cat_item&sys_id=39e2cba3db0ac190f61a3ec8f49619cc,"Users will need to submit a request to the Service Integration Team vis BERNIE for ""Electronic Content Management (ECM) Connector"" to request this service. ",,10/1/2023,3/26/2024,,,,,,,,,,,,
Yes,Electronic signature - self-service user portal,eSignatures self-service portal,Service Integration,GOA,100,"Allows the user to access the platform to create and send envelopes, monitor and administer user activity and manage other aspects of the e-signature business process and workflow. ","The eSignature is a cloud-based service that allows subscribers to prepare and send documents for electronic signatures.  With this service, subscribers can send contracts and agreements to both GoA internal and external clients for signatures and approvals.  The service is secure, cost-effective, timesaving, user-friendly, and compliant with GoA guidelines and standards.  The signed documents are protected, and the signers are uniquely identified by using multiple authentication methods.

The following tasks can be performed using this request:

Request a consultation with the eSignature support team
Subscribe to the eSignature service
Add, change, and remove users from your eSignature service subscription
Assign signature projects to users
Cancel the eSignature service subscription
You are encouraged to request a consultation to learn more about the service before subscribing to the service.  During the consultation meeting, you are provided with the service features, costs, and details on the subscription process.",Document Processing,,,Service,Hybrid,https://bernie.gov.ab.ca/esm?id=kb_article&sysparm_article=KB0025486,"Cloud-based, Electronic, Signature",Live,,,,,Advanced request required through the Service Integration SharePoint Site: Click the 'eSignature - Self-Service User Portal (ConsignO) link. Please refer to the Activity Details in the documentaion for all contact options.,BERNIE,https://bernie.gov.ab.ca/esm?id=kb_article&sysparm_article=KB0025486,Users will need to go to the knowledge base article in BERNIE and select subscribe to this service under the Activity Details.  ,,10/1/2023,3/26/2024,,,,,,,,,,,,
Yes,Email API service,Email platform,Service Integration,GOA,100,A powerful email service with similar or more capabilities than your outlook client.,"Sends emails to one or many recipients with multiple parameters: To, CC and BCC, ability to specify a FROM recipient, supply a subject line, options for the message body such as HTML, Rich Text or Plain Text, and the sender can attach one or more attachments to the ​email.  Provides similar formatting capabilities as your outlook client.",Notifications and Communication,,,Service,Hybrid,https://abgov.sharepoint.com/sites/S500D27-SI969/SitePages/Email-API-Service.aspx,"API, Email, Service",Live,,,,,Advanced request required through the Service Integration SharePoint site; click the 'Service Integration Consultation' Request web form.,SharePoint,https://goaprod.service-now.com/esm?id=search&spa=1&q=Service%20Integration%20Consultation,"Users will need to submit a request to the Service Integration Team via BERNIE ""Service Integration Consultation"" online form submission to request this service.",,10/1/2023,3/26/2024,,,,,,,,,,,,
,Employment insurance (EI) gateway,,Advanced Education,,10,An API proxy that consumes Government of Canada employment API endpoints and handles security and API aggregation.,Is being transitioned to Service Integration Group (Chris Wright),Workflow and Process Automation,Container,TypeScript,API,,,,Beta,,,andrew.mackenzie@gov.ab.ca,,Discussion required to obtain access or to deploy container in line of business controlled environment,,,,Is in the process of being migrated to another area for support of this service.,10/1/2023,10/1/2023,,,,,,,,,,,,
,Event service,Event logs,Alberta Digital Service Platform (ADSP),,10,"Provides capability for applications to define, and log, domain events giving an easy implement traceability, auditability, accountability and transparency.  Often coupled with other ADSP services.","The event service provides the capability for applications to define, and log, domain events.  This gives them an easy way to implement traceability, auditability, accountability and transparency.  In addition the service is often coupled, and used in conjunction with, other ADSP services. E.G an application is using the Notification Service it would use specific domain events to trigger notifications.",Notifications and Communication,,,,Hybrid,https://govalta.github.io/adsp-monorepo/services/event-service.html,,Live,,,adsp@gov.ab.ca ,,,Slack,https://goa-dio.slack.com/channels/adsp-connection,Product teams can get started by accessing an existing tenant or creating a new tenant. Each tenant represents a zone of administrative control and generally products within a common service area can share a tenant.,,10/1/2023,10/1/2023,,,,,,,,,,,,
,File handling shared services,Document upload and download,Justice Digital,,10,Document Upload and Download using consistent architecture.,"Document Upload and Download
Justice Digital services use consistent architecture to facilitate document uploads and downloads.",File Handling and Storage,AWS,"Angular, .NET Core, TypeScript",,,https://goa-dio.atlassian.net/wiki/spaces/JDP/pages/2248015997/Shared+Services,"Pdf, Digital signature, Stamping, Digital certification",Live,,,JSG.PlatformSupport@gov.ab.ca ,,,,,,,10/1/2023,10/1/2023,,,,,,,,,,,,
,File service,File upload and management,Alberta Digital Service Platform (ADSP),,10,"Provides capabilities for uploading and managing files in Microsoft's Azure Blob Storage.  Includes support for virus scanning, access control, retention policy, retrieval, and searching.","Provides capabilities for uploading and managing files in Microsoft's Azure Blob Storage.  It includes support for virus scanning, access control, retention policy, retrieval, and searching. The service is intended to give applications a means to manage temporary files (e.g. retention policy < 30 days), or whose content is not directly needed by the application's business users.",File Handling and Storage,,,,Hybrid,https://govalta.github.io/adsp-monorepo/services/file-service.html,,Live,,,adsp@gov.ab.ca ,,,Slack,https://goa-dio.slack.com/channels/adsp-connection,Product teams can get started by accessing an existing tenant or creating a new tenant. Each tenant represents a zone of administrative control and generally products within a common service area can share a tenant.,,10/1/2023,10/1/2023,,,,,,,,,,,,
,Form service,Forms and submission status,Alberta Digital Service Platform (ADSP),,10,"Capture information from users securely, and keep them informed on the status of their submission without requiring them to log in to your application.","Capture information from users securely, and keep them informed on the status of their submission without requiring them to log in to your application.  Data can be entered and modified over multiple sessions; users are sent a verification code each time they wish to revisit the submission.",Document Processing,,,,Hybrid,,,Live,,,adsp@gov.ab.ca ,,,Slack,https://goa-dio.slack.com/channels/adsp-connection,Product teams can get started by accessing an existing tenant or creating a new tenant. Each tenant represents a zone of administrative control and generally products within a common service area can share a tenant.,,10/1/2023,10/1/2023,,,,,,,,,,,,
,Forms development,ePDFs and paper forms,Data and Content Management,,10,Develops electronic (e.g PDF) and paper forms,"The Forms Development service provides clients access to a comprehensive forms analysis and design service, which ensures the creation of forms that meet business requirements from an information collection and standards perspective. This service also includes consultative support through recommendations or guidance on best practices. Scenarios may range from how to leverage software capabilities and print technologies to best meet the needs of the client, to introduction to vendors and assistance with management of contracted vendor services, if applicable. All electronic forms are placed on the GoA Form Repository for use by GoA staff. This portal also allows access to approved external agencies (e.g. law enforcement, crisis centers).",Document Processing,,,,,,,Live,,,SA.Forms@gov.ab.ca,,,Web,https://cfr.forms.gov.ab.ca/,,,10/1/2023,2/20/2024,,,,"API does not store content so not applicable. The solution that uses the API will require IC (DM or delegated role, often at the program ED/Director level).",n/a,No,No,,No,No,No,
,Get access (CCA),Request access to Children’s Services,Children's Services Platform ,Children's Services,10,Allows child care operators request access to Children’s Services.,Allows child care operators to request access to services provided by Children’s Services. Requests are approved by authorized GOA staff.,User Access and Identity,Openshift,Angular,,,,,Live,,,heather.objois@gov.ab.ca,,Discussion required to obtain access or to deploy container in line of business controlled environment,,,,"Used within Children's Services, but could be extended/reused by other business areas.
Requires the use of Keycloak.",10/1/2023,10/1/2023,,,,"Interface does not store content so not applicable. The overall solution will require IC (DM or delegated role, often at the program ED/Director level).",n/a,No,No,,No,No,Yes,
,Get access (CCA) API,Access to Children’s Services with API,Children's Services Platform ,Children's Services,10," An internal API that allows applications developed by Children’s Services to get information about users, roles, and groups from the CCDS Keycloak realm.",,User Access and Identity,Openshift,Web API,API,,,Keycloak,Live,,,heather.objois@gov.ab.ca,,Discussion required to obtain access or to deploy container in line of business controlled environment,,,,"Used within Children's Services, but could be extended/reused by other business areas.
Requires the use of Keycloak.",10/1/2023,10/1/2023,,,,,,No,No,,No,No,No,
,GOA user management,GOA user and access management,Children's Services Platform ,Children's Services,10,Allows GOA staff to manage the access of other GOA staff to the internal applications developed by Children’s Services.,,User Access and Identity,Openshift,Angular,,,,,Live,,,heather.objois@gov.ab.ca,,Discussion required to obtain access or to deploy container in line of business controlled environment,,,,"Used within Children's Services, but could be extended/reused by other business areas.
Requires the use of Keycloak.",10/1/2023,10/1/2023,,,,"Brad Wile(Director, Information Technology,  Legal Aid Alberta)",Public,No,No,,Yes,No,No,
,Identity and access management strategy,Identity and access management strategy,Justice Digital,Justice Digital,10,A highly available cloud-hosted instance under a single Justice Digital realm.,"All Justice Digital services are using a highly available cloud-hosted instance under a single Justice Digital realm. This will help reduce disruptions in access to Justice Digital services and enable external users such as lawyers to use multiple Justice Digital services with a single account, making access more streamlined.",User Access and Identity,"AWS, Keycloak","Angular, .NET Core, IaC using CDK",Resource (Environment),,Documentation https://goa-dio.atlassian.net/l/cp/2mv1hUmh,"Cloud,IAM",Live,,,JSG.PlatformSupport@gov.ab.ca ,,,,,,,10/1/2023,10/1/2023,,,,,,No,No,,No,No,No,
,Income validation API,Income validation,Platforms - Common Data Services,,10,Verification of the applicant's personal income and/or family income under a specific threshold.,"Assess the eligibility of an Albertan to apply for a Government of Alberta program that necessitates verification of the applicant's personal income and/or family income under a specific threshold. The use of data for this assessment requires a MOU with CRA and the Department of Treasury Board and Finance, as well as a privacy assessment.",Payments and Financial Management,On Prem,.NET Core,API,TBD,,,Alpha,,,TI.CDS@gov.ab.ca,,,,,,,10/1/2023,10/1/2023,,,,"Director, Business & Vital Event Registries, Service Alberta",,No,No,,No,No,No,
,Keycloak client,Keycloak client npm package,"Seniors, Community and Social Services (SCSS)",,10,Privately hosted Keycloak client npm package,,User Access and Identity,,Angular,,,Instructions and additional information https://github.com/GovAlta-EMU/keycloak-auth-service,Keycloak,,,,wei.w.wei@gov.ab.ca,,Privately hosted npm package,GitHub,https://github.com/GovAlta-EMU/keycloak-auth-service,,,10/1/2023,10/1/2023,,,,"Executive Director, Platforms, DDD",,No,No,,No,No,No,
,Keycloak integration with DIG,Keycloak integration with DIG,Wildfire Platform,,10,Pattern to integrate authentication with Alberta.ca MADI-B and GoA Azure AD though DIG.,Pattern to integrate authentication with Alberta.ca MADI-B and GoA Azure AD though DIG. Keycloak delegates authentication to external IdP but handles user authorization and generate access_token,User Access and Identity,,,,,Confluence documentation https://goa-dio.atlassian.net/wiki/spaces/WDS/pages/2777055233/AutN+AuthZ+Options,Keycloak,,,," vassy.serban@gov.ab.ca 
",,,,,Have a Keycloak realm available ,,10/1/2023,10/1/2023,,,,"Executive Director, Platforms, DDD",,No,No,,No,No,No,
,MyAlberta digital ID for business (MADI-B),Access for online services,Platforms - IAM,,10,An IAM platform that provides federated sign on for businesses and their staff accessing on-line services.,,User Access and Identity,"On Prem, NCC and JJB datacentres",ForgeRock,,24x7,,IAM,Live,,,GOA.IAM@gov.ab .ca,,Onboarding and integrations are handled via scheduled consultations. Can reach out to Robert Salloum or Syed Hashmi for further details,Web,https://business.account.alberta.ca,,,10/1/2023,10/1/2023,,,,,,No,No,,n/a,n/a,n/a,
Yes,Nagios monitoring service,Enterprise monitoring and alerting,Service Integration,GOA,100,Enterprise monitoring service (primary platform used within GoA). Has a wide degree of monitoring and alerting options.,This enterprise monitoring service has a wide degree of monitoring and alerting options that can be setup for your needs.  This is the primary monitoring platform used within GoA.,Service Monitoring and Support,"On Prem, NCC and JJB datacentres","API, Python, PowerShell, Bash,Perl, .NET",Service,Hybrid,,"Nagios, Monitoring, Service",Live,,,dutyao@gov.ab.ca,,This service can currently be requested via a generic BERNIE request.,BERNIE,Generic request Search - GoA ESM (service-now.com),"Users will need to submit a ""Generic request""  via BERNIE and assign it to SA:Monitoring Support_ASGN group.",Service catalog is under construction,10/1/2023,3/26/2024,,,Grace Li,"Executive Director, Platforms, DDD",,No,No,,No,No,No,
,Notification service,Text and email notifications,Alberta Digital Service Platform (ADSP),,10,"Enable text or email notifications in your application.  Build customizable templates to send automated personalized messages, such as needing approval, or action reminders.","Enable text or email notifications in your application through the ADSP Notification Service.  Build customizable templates and use these to send personalized messages to your users upon the occurrence of specific ""domain events"" in your application, such as receiving approval for a submission, or reminders to take some action.",Notifications and Communication,,,,Hybrid,https://subscription.adsp.alberta.ca/,,Live,,,adsp@gov.ab.ca ,,,Slack,https://goa-dio.slack.com/channels/adsp-connection,Product teams can get started by accessing an existing tenant or creating a new tenant. Each tenant represents a zone of administrative control and generally products within a common service area can share a tenant.,,10/1/2023,10/1/2023,,,,,,No,No,,n/a,n/a,n/a,
,Notifications,Message bus interface,"Seniors, Community and Social Services (SCSS)",,10,Provides a message bus interface to AB Notify,,Notifications and Communication,GoA Network,TypeScript,,,,,,,,wei.w.wei@gov.ab.ca,,,,,,,10/1/2023,10/1/2023,,,,"Executive Director, Platforms, DDD",,No,No,,No,No,No,
,OAuth BFF flow implementation,OAuth for browser apps,Wildfire Platform,,-10,Notes on OAuth for Browser-Based Apps,"This specification details the threats, attack consequences, security considerations and best practices that must be taken into account when developing browser-based applications that use OAuth 2.0.",User Access and Identity,,.NET Core,,,"https://goa-dio.atlassian.net/wiki/spaces/WDS/pages/2758869310/Admin+RestAPI+request+flow

Pattern to implement OAuth BFF Proxy flow https://datatracker.ietf.org/doc/html/draft-ietf-oauth-browser-based-apps#name-backend-for-frontend-bff-pr",,,,," vassy.serban@gov.ab.ca 
",,,,,"The implementation is using BFF Duende framework, license might be required",,10/1/2023,10/1/2023,,,,,,No,No,,No,No,No,
Yes,Payment gateway service,TD Beanstream for payments,Service Integration,GOA,100,A common e-payment service that offers a centralized electronic payment experience.   This service leverage the GoA TD Beanstream platform.,"The Payment Gateway Service (PGS) offers a centralized electronic payment experience with the GoA using the TD Online Mart online payments solution. This standardized approach has many advantages over direct integration with current payment providers, such as:  

Application insulation from organizational change. When the payment provider changes, the application code does not. Consequently, PGS can seamlessly manage a new payment provider without manual intervention. 
Business areas no longer have to complete the Payment Card Industry Self-Assessment Questionnaire (PCI SAQ) A type audits. ",Payments and Financial Management,,,Service,Hybrid,https://abgov.sharepoint.com/sites/S500D27-SI969/SitePages/Payment-Gateway-Service.aspx,"API, Electronic Payment",Live,,,,,Advanced request required through the Service Integration SharePoint site; click the 'Service Integration Consultation' Request web form.,SharePoint,https://goaprod.service-now.com/esm?id=search&spa=1&q=Service%20Integration%20Consultation,Business area will require a merchant account for their transactions.  This can be obtained through TBF merchant services (the process to obtain a merchant account is documented as part of the onboarding procedures),,10/1/2023,3/26/2024,Yes,,Sanchit,,,No,No,,No,No,No,
,Payment guide,TD Bambora for payments,Justice Digital,Justice Digital,10,TD Bambora is the recommended payment solution for service teams within Justice Digital.,,Payments and Financial Management,"AWS, Wordline (Bambora)",,,,https://goa-dio.atlassian.net/wiki/spaces/JD/pages/2233827335/Payment+Guide,Payment,Live,,,JSG.PlatformSupport@gov.ab.ca ,,,,,,,10/1/2023,10/1/2023,Yes,,Sanchit,,,No,No,,No,No,No,
,PDF generation & merging,PDF generation & merging,Justice Digital,,10,Justice Digital services use consistent architecture to facilitate PDF generation and merging functionality.,,Document Processing,AWS,"Angular, .NET Core, TypeScript",,,https://goa-dio.atlassian.net/wiki/spaces/JDP/pages/2248015997/Shared+Services,"Pdf, Digital signature, Digital certification",Live,,,JSG.PlatformSupport@gov.ab.ca ,,,,,,,10/1/2023,10/1/2023,,,,,,No,No,,No,No,Yes,
,PDF service,GoA branded PDFs,Alberta Digital Service Platform (ADSP),,10,Creates customized GOA branded PDF documents for end users. Securely managed using Azure storage.,"Provides the capability for creating customized PDF documents for downloading by end users. By utilizing our editor to create templates and combining them with intake data, developers can easily create GOA branded PDFs.  The documents are uploaded to Azure Blob storage and can be managed there securely, throughout their lifecycle, with the ADSP file service.",Document Processing,,,Service,Hybrid,https://govalta.github.io/adsp-monorepo/services/pdf-service.html,Pdf,Live,,,adsp@gov.ab.ca ,,,Slack,https://goa-dio.slack.com/channels/adsp-connection,Product teams can get started by accessing an existing tenant or creating a new tenant. Each tenant represents a zone of administrative control and generally products within a common service area can share a tenant.,,10/1/2023,10/1/2023,,,,"Director, Strategic Design, Children and Family Services",,No,No,,No,No,Yes,
,Program and provider registry,Programs and providers registry,Advanced Education,,10,"Contains programs, providers, specializations, session and cost information of the various private and public school mostly within Alberta.",Interface is utilized by Advanced Education line of business applications to read centrally managed Public/Private institution information along with Program information,Data Management,GoA Network,.NET,API,,,,Live,,,sa.imehelpdesk@gov.ab.ca,,Through consultation,,,,Legacy shared service that may not always be suitable for digitally redesigned services.,10/1/2023,10/1/2023,,,,,,No,No,,n/a,n/a,n/a,
,Push service,Push mode gateway,Alberta Digital Service Platform (ADSP),,10,"Provides a push mode gateway​ for events, such as submissions received or payments made, so clients can receive information without polling.","Provides a push mode gateway​ to events emitted in the event service, so clients can receive information without the need for polling.  Use it to monitor event streams, such as submissions received or payments made, to create a responsive, real-time web application.",Notifications and Communication,,,Service,Hybrid,https://govalta.github.io/adsp-monorepo/services/push-service.html,,Live,,,adsp@gov.ab.ca ,,,Slack,https://goa-dio.slack.com/channels/adsp-connection,Product teams can get started by accessing an existing tenant or creating a new tenant. Each tenant represents a zone of administrative control and generally products within a common service area can share a tenant.,,10/1/2023,10/1/2023,,,,,,No,Yes,,No,No,No,"If system has functionality to attach semi structured or unstructured content, IMP and/or CMO Consult/CMRA should be done."
Yes,QR code service,QR codes as digital signatures,Service Integration,GOA,100,Create digital signatures QR Code images that can provide authenticity confirmation of Government of Alberta (GoA) digital/printed documents.,"Provides confirmation of the authenticity of digital and printed documents claimed as issued under the authority of GoA - Government of Alberta. Allows the user to create digital signatures in a form of QR (Quick Response) Code images which can then be verified by using this application or the third party solutions, like mobile or desktop custom applications.​",Document Processing,,,Service,Hybrid,https://abgov.sharepoint.com/sites/S500D27-SI969/SitePages/QR-Code-Service.aspx,"API, Quick Response, Digital",Live,,,,,"Advanced request required through the Service Integration SharePoint site; click the ""Request QR Code Service"" link to access the 'QR Code Service' web form.
",BERNIE,https://bernie.gov.ab.ca/esm?id=sc_cat_item&sys_id=d894805f1b623d901738eb17ec4bcb15,"Users will need to submit a request to the Service Integration Team via BERNIE for ""QR Code (API) Service"" to request this service. ",,10/1/2023,3/26/2024,,,,"Executive Director, Platforms, DDD",,No,No,,No,Yes,Yes,
Yes,Request an enterprise API,Enterprise API,Service Integration,GOA,-20,Creating and maintaining Enterprise APIs. Please let us know if you have a service that would benefit the enterprise.,"The Service Integration team is responsible for creating and maintaining Enterprise APIs.  If there is a service you think would benefit the enterprise, contact the team and they might be able to create the capability you require.",Varied Resources,,,Resource,Hybrid,Services that are offered https://abgov.sharepoint.com/sites/S500D27-SI969,"API, Development, Enterprise",,,,,,Advanced request required through the Service Integration SharePoint site; click on the 'Service Integration Consultation' request web form.,SharePoint,https://goaprod.service-now.com/esm?id=search&spa=1&q=Service%20Integration%20Consultation,"Users will need to submit a request to the Service Integration Team via BERNIE ""Service Integration Consultation"" online form submission to request this service.",,10/1/2023,3/26/2024,,,,"Executive Director, Platforms, DDD",,No,No,,No,Yes,Yes,
,Script service,Script and algorithmic modifications,Alberta Digital Service Platform (ADSP),,10,"Quickly implement algorithmic change without having to redeploy an application. Such as , frequently changed calculations, or per-tenant basis calculations.","Gives developers the ability to quickly implement algorithmic changes requested by clients, such as policy changes, without having to redeploy the application.  This is particularly useful for calculations that are changed frequently, or for multi-tenant applications that handle calculations on a per-tenant basis.",Workflow and Process Automation,,,Service,Hybrid,,,Live,,,adsp@gov.ab.ca ,,,Slack,https://goa-dio.slack.com/channels/adsp-connection,Product teams can get started by accessing an existing tenant or creating a new tenant. Each tenant represents a zone of administrative control and generally products within a common service area can share a tenant.,,10/1/2023,10/1/2023,,,,,,No,No,,No,No,No,
,SCSS Angular components,,"Seniors, Community and Social Services (SCSS)",,-20,Common Angular UI components,,Varied Resources,,Angular,Code,,,Inspiration,Deprecated,,,wei.w.wei@gov.ab.ca,,,,,,"Inspiration could be taken for the design library, not for use and being internally deprecated inside SCSS",10/1/2023,10/1/2023,,,,,,No,No,,No,No,No,
Yes,SharePoint online service,ECM connector / ECM connector for file management,Service Integration,GOA,100,"Allows basic file management of project-specific content within ECM systems (e.g., file creation, modification, metadata, etc.).","The Electronic Content Management (ECM) Connector is a representational state transfer (REST) application programming interface (API) that allows file management of Government of Alberta (GoA) content within ECM systems (e.g. file creation, modification, metadata, etc.).

The ECM Connector takes REST calls and translates them into a format that is understood by the proprietary Open Text LIVELINK web services (LAPI) running on the GoA’s OpenText Enterprise Content Servers (ECSS) server. ",File Handling and Storage,,,Service,Hybrid,https://abgov.sharepoint.com/sites/S500D27-SI969/SitePages/ECM-Connector-Service.aspx,"API, SharePoint Online, ECM, REST",Live,,,,,Advanced request required through the Service Integration SharePoint site; click the 'Service Integration Consultation' Request web form.,SharePoint,https://goaprod.service-now.com/esm?id=search&spa=1&q=Service%20Integration%20Consultation,"Users will need to submit a request to the Service Integration Team via BERNIE ""Service Integration Consultation"" online form submission to request this service.",,10/1/2023,3/26/2024,,,,"Executive Director, Platforms, DDD",,No,Yes,,No,No,No,
,SIN validation service,SIN validation,Advanced Education,,10,Sending SIN & profile information to federal government for match and validation purposes.,Process of batching and sending SIN and tombstone profile information to federal government for match and validation purposes,User Access and Identity,GoA Network,.NET,API,Hybrid,,,Live,,,AE-OCSDSFSAMSTeam@gov.ab.ca ,,,,,Utilization for Federal SIN Service requires business coordination and agreements to be put in place. This service is a bit coupled with Student Finance System but is used by Apprenticeship and Student Aid (potentially Foundational Learning will be added in the future),Legacy shared service that may not always be suitable for digitally redesigned services.,10/1/2023,10/1/2023,,,,"Director, Red Tape Reduction & Student Records, Education",Protected B,No,No,,Yes,No,Yes,
,SMS gateway,SMS gateway,Advanced Education,,10,Gateway for sending text messages.,A gateway for sending text messages. It interfaces with the SWIFT SMS vendor.,Notifications and Communication,GoA Network,.NET,API,,,,Live,,,sa.imehelpdesk@gov.ab.ca,,Through consultation,,,,Legacy shared service that may not always be suitable for digitally redesigned services.,10/1/2023,10/1/2023,,,,,,No,Yes,,No,Yes,Yes,IMP consult re: electronic signatures may be needed.
Yes,Splunk service,Log/event based service monitoring,Service Integration,GOA,100,"This is an event management and correlation service that provides a holistic view of a service through dashboards, reports and alerts.  Splunk's primary monitoring capability is log/event based.","Splunk is an advanced and scalable form of software that indexes and searches for log files within a system and analyzes data for operational intelligence. A web-based software platform using real-time processing and provides the Government of Alberta (GoA) business areas with 5 main functions:  collect and index, search and investigate, add knowledge, report, and visualize, monitor and alert, on machine data, websites, applications, within the GoA infrastructure. ",Service Monitoring and Support,,,Service,Hybrid,https://abgov.sharepoint.com/sites/S500D27-SI969/SitePages/Splunk-Service.aspx,Reporting,Live,,,,,Advanced request required through the Service Integration SharePoint site; click the 'Service Integration Consultation' Request web form.,SharePoint,https://abgov.sharepoint.com/sites/S500D27-SI969/SitePages/Splunk-Service.aspx ,"Users will need to submit a request to the Service Integration Team via BERNIE for ""Splunk Service"" to request this service. ",,10/1/2023,3/26/2024,,,,,,n/a,n/a,,n/a,n/a,n/a,
,Stakeholder registry,Student and staff directory,Advanced Education,,10,"Contains people records (users, learners, schools staff) accessed by Advanced Education.",Interface is utilized by Advanced Education line of business applications to read centrally managed student/learner information,Data Management,GoA Network,.NET,API,,,,Live,,,sa.imehelpdesk@gov.ab.ca,,Through consultation,,,,Legacy shared service that may not always be suitable for digitally redesigned services.,10/1/2023,10/1/2023,,,,,,No,No,,n/a,n/a,n/a,
,Stamping shared service,Official court stamps,Justice Digital,,10,Providing a consistent application of official court stamps for filing and certification of digital context.,"Justice Digital services utilizing the stamping shared services benefit from a consistent application of official court stamps, indicating filing and certification of documents in the digital context.",Document Processing,AWS,"Angular, .NET Core, TypeScript",,,https://goa-dio.atlassian.net/wiki/spaces/JDP/pages/2248015997/Shared+Services,"Pdf, Digital signature, Stamping, Digital certification",Live,,,JSG.PlatformSupport@gov.ab.ca ,,,,,,,10/1/2023,10/1/2023,,,,"Executive Director, Software Delivery, DDD",,No,No,,No,No,No,
,Status service,Application health monitoring,Alberta Digital Service Platform (ADSP),,10,Monitoring the health of applications and services.,"A service for monitoring the health of applications and other services.  You provide a URL for it to ping and it will notify you, or a webhook, if the response occurs in a timely manner or not.  Additionally, the service provides links to a static web page your users can visit to check on your application's status.  You can configure this page to display status updates and notices for planned maintenance or other outages.",Service Monitoring and Support,,,Service,Hybrid,https://status.adsp.alberta.ca/,,Live,,,adsp@gov.ab.ca ,,,Slack,https://goa-dio.slack.com/channels/adsp-connection,Product teams can get started by accessing an existing tenant or creating a new tenant. Each tenant represents a zone of administrative control and generally products within a common service area can share a tenant.,,10/1/2023,10/1/2023,,,,"Director, Integration Services, TSO",,No,Yes,,No,No,No,CMO - Forms teams may need to be consulted.
,Support model,Application support model,Justice Digital,,-20,A robust application support model to ensure both operational issues are dealt with; as well as to ensure an open line for direct customer feedback.,"Maintaining high-quality services requires a robust application support model to ensure both operational issues are dealt with; as well as to ensure an open line for direct customer feedback. As our services evolve and our user base continues to expand, an integrated support model will allow JD to continue to improve its service delivery capabilities.",Varied Resources,ServiceNow,,Resource,,https://goa-dio.atlassian.net/wiki/spaces/JDP/pages/2247983316/Support+Model,Support,Live,,,JSG.PlatformSupport@gov.ab.ca ,,,,,,,10/1/2023,10/1/2023,,,,"Director, Integration Services, TSO",,Yes,Yes,,No,No,No,
,Unified Alberta.ca account,Unified Alberta.ca account,Platforms - IAM,,10,"An IAM platform that will be used to unify Alberta.ca Account and MADI-B, as well as other IAM systems in the GoA over time.","An IAM platform that will be used to unify Alberta.ca Account and MADI-B, as well as other IAM systems in the GoA over time.

Will enable multiple types of users under one common IAM solution, including citizen, external businesses and organizations and their staff, and internal GoA staff ",User Access and Identity,"Azure, On Prem",".NET, Open source",,24x7,,IAM,Alpha,,,GOA.IAM@gov.ab .ca,,Onboarding and integrations are handled via scheduled consultations. Can reach out to Robert Salloum or Syed Hashmi for further details,,,,,10/1/2023,2/28/2024,,,,"Director, Integration Services, TSO",,No,Yes,,No,No,No,IMP consult re: electronic signatures may be requested.
,Value service,Event and activity logs storage,Alberta Digital Service Platform (ADSP),,10,"Provides a temporal-based data store useful for storing such things as event, change, and audit logs.  In addition, it can aggregate KPIs.","Provides a temporal-based data store that is useful for storing such things as event, change, and audit logs.  In addition, it can be used to aggregate KPI's over some time interval by including metrics along with each entry.  For example, it has been used to log events along with a count metric, and therefore can be used to show how many events are emitted per unit of time.",Workflow and Process Automation,,,Service,Hybrid,https://govalta.github.io/adsp-monorepo/services/value-service.html,,Live,,,adsp@gov.ab.ca ,,,Slack,https://goa-dio.slack.com/channels/adsp-connection,Product teams can get started by accessing an existing tenant or creating a new tenant. Each tenant represents a zone of administrative control and generally products within a common service area can share a tenant.,,10/1/2023,10/1/2023,,,,"Director, Integration Services, TSO",,No,No,,No,No,No,
,Verify service,Verification codes generator,Alberta Digital Service Platform (ADSP),,10,Verify service provides time limited random codes that can be used for validation purposes.,"Verify service provides time limited random codes that can be used for validation purposes. For example, generated codes can be sent to a user by email and requested from an application to verify user access to the email inbox.",Workflow and Process Automation,,,Service,Hybrid,,,Live,,,adsp@gov.ab.ca ,,,Slack,https://goa-dio.slack.com/channels/adsp-connection,Product teams can get started by accessing an existing tenant or creating a new tenant. Each tenant represents a zone of administrative control and generally products within a common service area can share a tenant.,,10/1/2023,10/15/2023,,,,,,No,No,,No,No,Yes,
,,,,,,,,,,,,,,,,,,,,,,,,,,,,,,"Executive Director, Software Delivery, DDD",,No,Yes,,No,No,No,IMP Consult re: log management may be requested.
,,,,,,,,,,,,,,,,,,,,,,,,,,,,,,,,Yes,Yes,,No,No,Yes,
,,,,,,,,,,,,,,,,,,,,,,,,,,,,,,"Executive Director, Software Delivery, DDD",,Yes,Yes,,No,No,No,
,,,,,,,,,,,,,,,,,,,,,,,,,,,,,,"Executive Director, Software Delivery, DDD",,No,Yes,,No,No,No,CMO - Forms team may need to be consulted.
,,,,,,,,,,,,,,,,,,,,,,,,,,,,,,,,No,Yes,,n/a,n/a,n/a,"Completed forms must be stored in compliance with records management policies and procedures.
Consult with CMO-forms may be requested."
,,,,,,,,,,,,,,,,,,,,,,,,,,,,,,,,No,No,,No,No,Yes,
,,,,,,,,,,,,,,,,,,,,,,,,,,,,,,,,No,No,,No,No,Yes,
,,,,,,,,,,,,,,,,,,,,,,,,,,,,,,,,No,No,,No,No,Yes,
,,,,,,,,,,,,,,,,,,,,,,,,,,,,,,,,No,No,,No,No,Yes,
,,,,,,,,,,,,,,,,,,,,,,,,,,,,,,"Executive Director, Platforms, DDD",,No,No,,No,No,Yes,MOU is required between the  data business owner and the program area.
,,,,,,,,,,,,,,,,,,,,,,,,,,,,,,"Joel Agustin, Risk Reduction Education Specialist, Public Safety and Emergency Services",Protected B,No,No,,Yes,No,Yes,
,,,,,,,,,,,,,,,,,,,,,,,,,,,,,,,,No,No,,n/a,n/a,n/a,
,,,,,,,,,,,,,,,,,,,,,,,,,,,,,,"Executive Director, Platforms, DDD",Protected A,No,No,,Yes,No,No,
,,,,,,,,,,,,,,,,,,,,,,,,,,,,,,"Director, Integration Services, TSO",,No,No,,No,No,No,
,,,,,,,,,,,,,,,,,,,,,,,,,,,,,,"Director, Integration Services, TSO",,No,No,,No,No,No,
,,,,,,,,,,,,,,,,,,,,,,,,,,,,,,,,No,No,,No,No,Yes,
,,,,,,,,,,,,,,,,,,,,,,,,,,,,,,,,No,No,,n/a,n/a,n/a,
,,,,,,,,,,,,,,,,,,,,,,,,,,,,,,,,No,No,,No,No,No,SARTR Merchant Services engagement required before use merchantservices@gov.ab.ca 
,,,,,,,,,,,,,,,,,,,,,,,,,,,,,,,,n/a,n/a,,n/a,n/a,n/a,SARTR Merchant Services engagement required before use merchantservices@gov.ab.ca 
,,,,,,,,,,,,,,,,,,,,,,,,,,,,,,,,No,Yes,,No,No,No,May require consult with CMO - forms
,,,,,,,,,,,,,,,,,,,,,,,,,,,,,,"Executive Director, Software Delivery, DDD",,No,Yes,,No,No,No,May require consult with CMO - forms
,,,,,,,,,,,,,,,,,,,,,,,,,,,,,,"Director, Data Mgmt and Governance, Adv Education",,No,No,,No,No,No,
,,,,,,,,,,,,,,,,,,,,,,,,,,,,,,"Executive Director, Software Delivery, DDD",,No,No,,No,No,No,
,,,,,,,,,,,,,,,,,,,,,,,,,,,,,,"Director, Integration Services, TSO",,No,No,,No,No,No,IMP consult re: electronic signatures may be requested.
,,,,,,,,,,,,,,,,,,,,,,,,,,,,,,"Director, Integration Services, TSO",,n/a,n/a,,n/a,n/a,n/a,
,,,,,,,,,,,,,,,,,,,,,,,,,,,,,,"Executive Director, Software Delivery, DDD",,No,Yes,,No,No,No,IMP Consult re: log management may be requested.
,,,,,,,,,,,,,,,,,,,,,,,,,,,,,,,,No,No,,No,No,No,
,,,,,,,,,,,,,,,,,,,,,,,,,,,,,,Corporate CIO,n/a,Yes,Yes,,Yes,No,No,"IMP, CCS, CMO"
,,,,,,,,,,,,,,,,,,,,,,,,,,,,,,"Director, Business and System Integration, Adv Education",,No,No,,No,No,Yes,
,,,,,,,,,,,,,,,,,,,,,,,,,,,,,,n/a,Ptorected B,No,No,,Yes,No,No,
,,,,,,,,,,,,,,,,,,,,,,,,,,,,,,"Executive Director, Business System Operations, TSO",Protected A,No,Yes,,Yes,No,No,IMP Consult re: log management may be requested.
,,,,,,,,,,,,,,,,,,,,,,,,,,,,,,"Executive Director, Planning, Data and
Performance, Advanced Education",Protected B,No,No,,Yes,No,Yes,
,,,,,,,,,,,,,,,,,,,,,,,,,,,,,,,,No,Yes,,No,No,No,
,,,,,,,,,,,,,,,,,,,,,,,,,,,,,,"Executive Director, Software Delivery, DDD",,No,No,,No,No,No,
,,,,,,,,,,,,,,,,,,,,,,,,,,,,,,,,No,No,,n/a,n/a,n/a,
,,,,,,,,,,,,,,,,,,,,,,,,,,,,,,"Executive Director, Platforms, DDD",n/a,No,No,,Yes,No,No,
,,,,,,,,,,,,,,,,,,,,,,,,,,,,,,"Executive Director, Software Delivery, DDD",,No,Yes,,No,No,No,IMP Consult re: log management may be requested.
,,,,,,,,,,,,,,,,,,,,,,,,,,,,,,"Executive Director, Software Delivery, DDD",n/a,No,No,,Yes,No,No,
,,,,,,,,,,,,,,,,,,,,,,,,,,,,,,,,,,,,,,
,,,,,,,,,,,,,,,,,,,,,,,,,,,,,,,,,,,,,,
,,,,,,,,,,,,,,,,,,,,,,,,,,,,,,,,,,,,,,
,,,,,,,,,,,,,,,,,,,,,,,,,,,,,,,,,,,,,,
,,,,,,,,,,,,,,,,,,,,,,,,,,,,,,,,,,,,,,
,,,,,,,,,,,,,,,,,,,,,,,,,,,,,,,,,,,,,,
,,,,,,,,,,,,,,,,,,,,,,,,,,,,,,,,,,,,,,
,,,,,,,,,,,,,,,,,,,,,,,,,,,,,,,,,,,,,,
,,,,,,,,,,,,,,,,,,,,,,,,,,,,,,,,,,,,,,
,,,,,,,,,,,,,,,,,,,,,,,,,,,,,,,,,,,,,,
,,,,,,,,,,,,,,,,,,,,,,,,,,,,,,,,,,,,,,
,,,,,,,,,,,,,,,,,,,,,,,,,,,,,,,,,,,,,,
,,,,,,,,,,,,,,,,,,,,,,,,,,,,,,,,,,,,,,
,,,,,,,,,,,,,,,,,,,,,,,,,,,,,,,,,,,,,,
,,,,,,,,,,,,,,,,,,,,,,,,,,,,,,,,,,,,,,
,,,,,,,,,,,,,,,,,,,,,,,,,,,,,,,,,,,,,,
,,,,,,,,,,,,,,,,,,,,,,,,,,,,,,,,,,,,,,
,,,,,,,,,,,,,,,,,,,,,,,,,,,,,,,,,,,,,,
,,,,,,,,,,,,,,,,,,,,,,,,,,,,,,,,,,,,,,
,,,,,,,,,,,,,,,,,,,,,,,,,,,,,,,,,,,,,,
,,,,,,,,,,,,,,,,,,,,,,,,,,,,,,,,,,,,,,
,,,,,,,,,,,,,,,,,,,,,,,,,,,,,,,,,,,,,,
,,,,,,,,,,,,,,,,,,,,,,,,,,,,,,,,,,,,,,
,,,,,,,,,,,,,,,,,,,,,,,,,,,,,,,,,,,,,,
,,,,,,,,,,,,,,,,,,,,,,,,,,,,,,,,,,,,,,
,,,,,,,,,,,,,,,,,,,,,,,,,,,,,,,,,,,,,,
,,,,,,,,,,,,,,,,,,,,,,,,,,,,,,,,,,,,,,
